{"arguana": {"Why": 0.41912871001784285, "What": 0.2295707970790298, "Y/N": 0.09776265209854672, "Which": 0.06763325972985687, "How": 0.0754993663884992, "Declerative": 0.03532966869959186, "Where": 0.008027158411351605, "Who": 0.04707797023933138, "When": 0.019970417335949717}, "climate-fever": {"Where": 0.2766174470565378, "Who": 0.27972163837716585, "What": 0.27648497801013827, "Declerative": 0.04451401522510907, "When": 0.0926576823215642, "Why": 0.0051883709839800765, "Which": 0.013834184078986877, "How": 0.008941660631965664, "Y/N": 0.002040023314552166}, "cqadupstack": {"What": 0.28800922367409687, "How": 0.24477527408066668, "Why": 0.08467575549172701, "Y/N": 0.14316517658481331, "When": 0.028904890974553985, "Where": 0.043577814636514424, "Which": 0.040491120190946236, "Declerative": 0.12277600226546381, "Who": 0.003624742101217687}, "dbpedia-entity": {"What": 0.28754442699738, "Declerative": 0.03972741062333468, "Where": 0.2881938729665891, "Who": 0.26659312210029046, "When": 0.09257718843274453, "How": 0.007855627271392794, "Why": 0.004385984422193259, "Which": 0.011196270578763117, "Y/N": 0.0019260966073120498}, "fever": {"Who": 0.2797566909975669, "When": 0.09316965273169653, "What": 0.2787878787878788, "Declerative": 0.043724839637248394, "Where": 0.2747268303472683, "How": 0.008688343286883433, "Y/N": 0.00216766202167662, "Why": 0.0050165892501658925, "Which": 0.01396151293961513}, "fiqa": {"Y/N": 0.21578169994368232, "What": 0.2758078398452858, "Who": 0.05324676704672242, "Why": 0.15736716644175017, "When": 0.04122878789488784, "Where": 0.018397106900863183, "Declerative": 0.05584304724663245, "How": 0.15082864904879803, "Which": 0.0314989356313778}, "hotpotqa": {"What": 0.2812061711079944, "Where": 0.2760709783940206, "Who": 0.27733591350506864, "How": 0.007429829389102917, "Which": 0.012968913664849894, "When": 0.09043176451790438, "Declerative": 0.04865339890283523, "Why": 0.0035728868926092282, "Y/N": 0.002330143625614714}, "nfcorpus": {"Declerative": 0.1852726932301465, "Y/N": 0.15882809226187822, "How": 0.08024768409133462, "When": 0.02470153977835038, "What": 0.38091013650264355, "Why": 0.048783423532663454, "Which": 0.09784769835679705, "Where": 0.017466275555238546, "Who": 0.005942456690947673}, "nq": {"Where": 0.08130566954842458, "Which": 0.05259583242980062, "Who": 0.2083375952800815, "What": 0.36216455069534514, "Why": 0.04676139780942756, "When": 0.11292454103947858, "Y/N": 0.01849753079853198, "How": 0.0570187102871802, "Declerative": 0.06039417211172983}, "quora": {"Why": 0.08720446309283456, "What": 0.4113762768005395, "How": 0.14591274431548978, "Y/N": 0.14307422410223794, "Declerative": 0.06491460962877278, "Which": 0.04669685884657905, "Who": 0.04589865842570974, "Where": 0.030801145652368776, "When": 0.024121019135467842}, "scidocs": {"Who": 0.012399401085532473, "What": 0.5329020128290202, "Declerative": 0.13889881408129584, "Why": 0.0855579943171184, "Which": 0.08845898626920524, "How": 0.08721691933370765, "Where": 0.008477532200159937, "Y/N": 0.029545879910843415, "When": 0.01654245997311691}, "scifact": {"Which": 0.18957210465448743, "When": 0.02729449117281817, "Declerative": 0.1305279239373029, "How": 0.058352856831944286, "What": 0.4350475605228457, "Where": 0.04077957436639312, "Y/N": 0.06655485996423892, "Why": 0.045371330542433204, "Who": 0.006499298007536284}, "trec-covid": {"How": 0.06374255528195923, "What": 0.44006825082988643, "Which": 0.09674393404576202, "Y/N": 0.07437237943903317, "Who": 0.027854263453055316, "Declerative": 0.1598880815775322, "Why": 0.041621685003012256, "Where": 0.03636540071081137, "When": 0.059343449658948014}, "webis-touche2020": {"How": 0.062002678319129506, "Declerative": 0.05735042980060037, "What": 0.2349426454749102, "Who": 0.08429333737401867, "Which": 0.06957486802930589, "Why": 0.25692615784063594, "Y/N": 0.204485979777462, "When": 0.023441435316954907, "Where": 0.00698246806698255}}