{"nfcorpus": 0.2786619268039152, "fiqa": 0.36122061019724966, "scidocs": 0.3474249552854769, "fever": 0.2680339012840302, "arguana": 0.35865867117123895, "scifact": 0.3196019616600123, "trec-covid": 0.32299017499660626, "climate-fever": 0.2693710458238538, "hotpotqa": 0.2957066226408216, "nq": 0.37330188574882806, "quora": 0.5833572583077351, "webis-touche2020": 0.3410648636402717, "cqadupstack": 0.31785100299182023, "dbpedia-entity": 0.3007997898193992}