{"nfcorpus": 0.18394998881249996, "fiqa": 0.2711153580753007, "scidocs": 0.18080025859730245, "fever": 0.23911604081460958, "arguana": 0.19736901297199677, "scifact": 0.15826014479415607, "trec-covid": 0.2056677146408257, "climate-fever": 0.24085992936251624, "hotpotqa": 0.23864815870508754, "nq": 0.3780630082471947, "quora": 0.34579536808097033, "webis-touche2020": 0.25009364791910077, "cqadupstack": 0.17080967575675773, "dbpedia-entity": 0.23468715242731514}