{"nfcorpus": 0.13715600762305166, "fiqa": 0.23666939935182643, "scidocs": 0.16790935033258636, "fever": 0.16524262448057664, "arguana": 0.19310904621347852, "scifact": 0.12808788763722054, "trec-covid": 0.1704044442984833, "climate-fever": 0.1654768117937379, "hotpotqa": 0.16434753533878707, "nq": 0.2843674263346432, "quora": 0.31734439413595644, "webis-touche2020": 0.2223728092620406, "cqadupstack": 0.18275985098118558, "dbpedia-entity": 0.16444747714582605}