{"nfcorpus": 0.14441506585065406, "fiqa": 0.29410162623938246, "scidocs": 0.3055553205640471, "fever": 0.16390058722382878, "arguana": 0.3222610849035391, "scifact": 0.1791176558303699, "trec-covid": 0.07463552471258672, "climate-fever": 0.08146942358389893, "hotpotqa": 0.2945160155799199, "nq": 0.4109996349829302, "quora": 0.45707001285481186, "webis-touche2020": 0.055834813667015634, "cqadupstack": 0.41302499923696384, "dbpedia-entity": 0.1189078035255936}