{"nfcorpus": 0.09836564065377314, "fiqa": 0.18048869499104792, "scidocs": 0.1390150818133791, "fever": 0.1187217245238785, "arguana": 0.12557109623511203, "scifact": 0.09732722081241929, "trec-covid": 0.12394794586982749, "climate-fever": 0.11869558502565589, "hotpotqa": 0.11269894820253883, "nq": 0.17620727479728185, "quora": 0.28705730293572945, "webis-touche2020": 0.1493683110300783, "cqadupstack": 0.2114251952770886, "dbpedia-entity": 0.13817234645553692}