{"nfcorpus": 0.10488046492542716, "fiqa": 0.18212115562729914, "scidocs": 0.12904146067562866, "fever": 0.13400772430418237, "arguana": 0.12700618331717536, "scifact": 0.10090785032264823, "trec-covid": 0.12490965072057715, "climate-fever": 0.13420361069020056, "hotpotqa": 0.1280325550411489, "nq": 0.18959461717168152, "quora": 0.26811791165767646, "webis-touche2020": 0.17307117922795548, "cqadupstack": 0.16415464564025978, "dbpedia-entity": 0.14843554790958946}