{"nfcorpus": 0.24156579148157556, "fiqa": 0.2735197830451196, "scidocs": 0.3041708611014535, "fever": 0.1936222302911404, "arguana": 0.20963495403609714, "scifact": 0.259332667296823, "trec-covid": 0.30192405415356294, "climate-fever": 0.1932451693767662, "hotpotqa": 0.21604839709647017, "nq": 0.2612866944937469, "quora": 0.7595314253607771, "webis-touche2020": 0.21384990034901763, "cqadupstack": 0.3457448412786094, "dbpedia-entity": 0.2949751747971007}