{"nfcorpus": 0.09990283269202276, "fiqa": 0.24704491562743797, "scidocs": 0.24829474423491152, "fever": 0.1059854609415542, "arguana": 0.1899097339223509, "scifact": 0.1319035421710695, "trec-covid": 0.09267996708572457, "climate-fever": 0.056066888526061794, "hotpotqa": 0.2044517151566622, "nq": 0.2181563103392889, "quora": 0.562611340561003, "webis-touche2020": 0.03916535922667231, "cqadupstack": 0.5175393386424314, "dbpedia-entity": 0.09452105493840639}