{"cqadupstack": {"What": 0.25481, "How": 0.63316, "Why": 0.02838, "When": 0.00112, "Where": 0.00759, "Which": 0.00998, "Who": 0.0008, "Y/N": 0.05203, "Declerative": 0.01213},"nfcorpus": {"What": 0.9603633360858794, "How": 0.03303055326176713, "Why": 0.0002752546105147261, "When": 0.0, "Where": 0.0, "Which": 0.0002752546105147261, "Who": 0.0002752546105147261, "Y/N": 0.004128819157720892, "Declerative": 0.0016515276630883566}, "fiqa": {"What": 0.8070940071867393, "How": 0.13599165410919206, "Why": 0.027402341486032225, "When": 4.636606004404776e-05, "Where": 0.0003477454503303582, "Which": 9.273212008809552e-05, "Who": 0.0007186739306827403, "Y/N": 0.019520111278544104, "Declerative": 0.008786368378347049}, "scidocs": {"What": 0.7684181804007172, "How": 0.22292819833164418, "Why": 0.0005457238637249552, "When": 0.0, "Where": 3.898027598035394e-05, "Which": 0.0005457238637249552, "Who": 0.0001949013799017697, "Y/N": 0.0017930926950962814, "Declerative": 0.00553519918921026}, "fever": {"What": 0.91203, "How": 0.00362, "Why": 7e-05, "When": 2e-05, "Where": 0.00024, "Which": 3e-05, "Who": 0.07222, "Y/N": 0.00031, "Declerative": 0.01146}, "arguana": {"What": 0.946967950195988, "How": 0.03135808162324187, "Why": 0.006456075628314503, "When": 0.0, "Where": 0.0, "Which": 0.00034586119437399123, "Who": 0.001383444777495965, "Y/N": 0.013488586580585658, "Declerative": 0.0}, "scifact": {"What": 0.9023731429673933, "How": 0.09415396488520163, "Why": 0.00038587690526721975, "When": 0.0, "Where": 0.0, "Which": 0.0, "Who": 0.0, "Y/N": 0.00038587690526721975, "Declerative": 0.0027011383368705385}, "trec-covid": {"What": 0.93392, "How": 0.05396, "Why": 0.00048, "When": 0.0, "Where": 0.0, "Which": 6e-05, "Who": 4e-05, "Y/N": 0.00363, "Declerative": 0.00791}, "climate-fever": {"What": 0.91144, "How": 0.00331, "Why": 3e-05, "When": 1e-05, "Where": 0.00017, "Which": 6e-05, "Who": 0.07281, "Y/N": 0.00035, "Declerative": 0.01182}, "hotpotqa": {"What": 0.86822, "How": 0.00405, "Why": 2e-05, "When": 0.0, "Where": 0.00019, "Which": 0.00011, "Who": 0.12371, "Y/N": 4e-05, "Declerative": 0.00366}, "nq": {"What": 0.82398, "How": 0.00742, "Why": 0.0003, "When": 1e-05, "Where": 2e-05, "Which": 1e-05, "Who": 0.02201, "Y/N": 0.00033, "Declerative": 0.14592}, "quora": {"What": 0.45034, "How": 0.29354, "Why": 0.07511, "When": 0.00361, "Where": 0.01591, "Which": 0.03138, "Who": 0.01997, "Y/N": 0.10747, "Declerative": 0.00267}, "webis-touche2020": {"What": 0.84131, "How": 0.05145, "Why": 0.01533, "When": 6e-05, "Where": 0.00028, "Which": 0.00273, "Who": 0.01071, "Y/N": 0.07551, "Declerative": 0.00262}, "dbpedia-entity": {"What": 0.83004, "How": 0.00031, "Why": 4e-05, "When": 0.0, "Where": 0.0, "Which": 0.0, "Who": 0.02941, "Y/N": 1e-05, "Declerative": 0.14019}}