{"msmarco": {"What": 0.3871288448943255, "How": 0.1380436189363129, "Why": 0.011993050462583487, "When": 0.028168765515861966, "Where": 0.043636584686702146, "Which": 0.016393378330150088, "Who": 0.037573387821053336, "Y/N": 0.07249167585035748, "Declerative": 0.26457069350265316}}