{"writing_forum_test": 0.25368127551784814, "lifestyle_search_test": 0.19893079104417535, "technology_forum_test": 0.165003141216633, "technology_search_test": 0.1649795389867726, "writing_search_test": 0.2536237615141956, "pooled_search_test": 0.17828263226280355, "science_forum_test": 0.14826163639674889, "lifestyle_forum_test": 0.19912425250234722, "recreation_forum_test": 0.21983948435834297, "pooled_forum_test": 0.1709867984943338, "recreation_search_test": 0.21986919786051826, "science_search_test": 0.14829095854497973}