{"writing_forum_test": 0.2695879494220544, "lifestyle_search_test": 0.19436055687854753, "technology_forum_test": 0.33605953152667306, "technology_search_test": 0.189162999800404, "writing_search_test": 0.1466354989292103, "pooled_search_test": 0.1593382037600542, "science_forum_test": 0.2512348653506262, "lifestyle_forum_test": 0.30614859931076494, "recreation_forum_test": 0.2858143714365292, "pooled_forum_test": 0.22611380246819113, "recreation_search_test": 0.20556530828258068, "science_search_test": 0.15545780116215063}