{"writing_forum_test": 0.2602937609809757, "lifestyle_search_test": 0.260659340321845, "technology_forum_test": 0.16209981713100655, "technology_search_test": 0.16184310650401376, "writing_search_test": 0.2602468035168221, "pooled_search_test": 0.1875500487303742, "science_forum_test": 0.14935881379925905, "lifestyle_forum_test": 0.26028882788537305, "recreation_forum_test": 0.2508755133787956, "pooled_forum_test": 0.17987060316903167, "recreation_search_test": 0.25073842652219686, "science_search_test": 0.14949361622128102}