{"writing_forum_test": {"What": 0.4402847185022952, "How": 0.03778165026885184, "Why": 0.051690410160090586, "When": 0.05059025352762088, "Where": 0.024722163833494938, "Which": 0.04935278921066728, "Who": 0.05012069514981794, "Y/N": 0.076297303344883, "Declerative": 0.2191600160022783}, "lifestyle_search_test": {"What": 0.29623777825174274, "How": 0.20339178069889877, "Why": 0.06220603257636137, "When": 0.03598890921949193, "Where": 0.05233321733664111, "Which": 0.029573543773784, "Who": 0.014068340760863465, "Y/N": 0.25047988954121436, "Declerative": 0.055720507841002215}, "technology_forum_test": {"What": 0.3392997443116978, "How": 0.18546605004170316, "Why": 0.10650611558878254, "When": 0.02070065536561534, "Where": 0.0633977620174028, "Which": 0.04375940687886727, "Who": 0.006839215075828253, "Y/N": 0.13809797773797367, "Declerative": 0.09593307298212916}, "technology_search_test": {"What": 0.3394073795164883, "How": 0.18541029918152618, "Why": 0.10714150488959753, "When": 0.020724783707091125, "Where": 0.06324661283096022, "Which": 0.043994282673218386, "Who": 0.006863211168770522, "Y/N": 0.13737045038147064, "Declerative": 0.09584147565087706}, "writing_search_test": {"What": 0.4383023791771165, "How": 0.03785162339863079, "Why": 0.051506473259676, "When": 0.05070494136785739, "Where": 0.024608554192367654, "Which": 0.04920694096116044, "Who": 0.05024062902460517, "Y/N": 0.07704873585033553, "Declerative": 0.22052972276825053}, "pooled_search_test": {"What": 0.39502542372881355, "How": 0.18000033898305084, "Why": 0.038027796610169494, "When": 0.03246050847457627, "Where": 0.02942627118644068, "Which": 0.08821491525423729, "Who": 0.01737813559322034, "Y/N": 0.07178830508474576, "Declerative": 0.14767830508474578}, "science_forum_test": {"What": 0.40023340957571973, "How": 0.19191388146847696, "Why": 0.03546110640564466, "When": 0.030147847797357654, "Where": 0.02518982062393102, "Which": 0.09948021224584307, "Who": 0.008451860707392627, "Y/N": 0.06341572608376705, "Declerative": 0.14570613509186722}, "lifestyle_forum_test": {"What": 0.2968083942066728, "How": 0.20276364493560944, "Why": 0.06286394212285423, "When": 0.035640018970592775, "Where": 0.051678027507359524, "Which": 0.029238847059417806, "Who": 0.013972571216896176, "Y/N": 0.25217418147224147, "Declerative": 0.05486037250835576}, "recreation_forum_test": {"What": 0.29781910050708776, "How": 0.20455956924672444, "Why": 0.0839478481429895, "When": 0.03227031818099597, "Where": 0.07555869093774055, "Which": 0.030994056842871126, "Who": 0.06574253286624178, "Y/N": 0.15658822181623042, "Declerative": 0.05251966145911843}, "pooled_forum_test": {"What": 0.3923539622641509, "How": 0.1816932075471698, "Why": 0.03317320754716981, "When": 0.03296962264150943, "Where": 0.030705283018867924, "Which": 0.0859245283018868, "Who": 0.018263207547169813, "Y/N": 0.07194509433962264, "Declerative": 0.15297188679245283}, "recreation_search_test": {"What": 0.2993155847679923, "How": 0.2041225716324459, "Why": 0.08373584185083567, "When": 0.03229113275243465, "Where": 0.07617611883297655, "Which": 0.030956472799268348, "Who": 0.06559130058994382, "Y/N": 0.1554336137325253, "Declerative": 0.052377363041577474}, "science_search_test": {"What": 0.39993930656565846, "How": 0.19217473544913438, "Why": 0.03549321219408543, "When": 0.030059253150694566, "Where": 0.025173747797837914, "Which": 0.09972709687221365, "Who": 0.008461123109084397, "Y/N": 0.06342305832872172, "Declerative": 0.14554846653256948}}