{"writing_forum_test": 0.33746761618163695, "lifestyle_search_test": 0.30644018448183674, "technology_forum_test": 0.34368561300243894, "technology_search_test": 0.3438512867365182, "writing_search_test": 0.33696010819599664, "pooled_search_test": 0.2786972557881439, "science_forum_test": 0.29119051870052054, "lifestyle_forum_test": 0.30663590893754994, "recreation_forum_test": 0.33902229262796074, "pooled_forum_test": 0.2680122448868214, "recreation_search_test": 0.3391447678066768, "science_search_test": 0.29119307002872263}